Sequence,Date,Run,Modality,Matched_Poses,ATE_Trans_RMSE,ATE_Trans_Mean,ATE_Trans_Median,ATE_Trans_Min,ATE_Trans_Max,RPE_Trans_RMSE,RPE_Trans_Mean,RPE_Trans_Median,RPE_Trans_Min,RPE_Trans_Max,RPE_Rot_RMSE,RPE_Rot_Mean,RPE_Rot_Median,RPE_Rot_Min,RPE_Rot_Max
1)ORC-sun-2014-05-14-13-46-12,2026-04-19,1,mono,216,6.191955,5.148743,5.030381,0.329581,31.096299,1.651699,0.348573,0.157984,0.02734,23.770562,1.190518,0.612289,0.293591,0.016561,8.937034
1)ORC-sun-2014-05-14-13-46-12,2026-04-19,2,mono,222,6.097564,5.058872,4.844371,0.27953,31.365367,1.697543,0.337832,0.134498,0.022205,24.832864,1.21578,0.594585,0.252878,0.042426,10.236245
1)ORC-sun-2014-05-14-13-46-12,2026-04-19,3,mono,214,6.162755,5.128454,4.856075,0.30977,30.962782,1.713656,0.349062,0.213195,0.023736,24.624562,1.181622,0.614216,0.264271,0.037154,9.612922
1)ORC-sun-2014-05-14-13-46-12,2026-04-19,4,mono,401,10.495764,8.860182,7.99708,0.222126,33.75654,1.274071,0.250913,0.153115,0.018465,24.9918,0.967379,0.508666,0.303288,0.028692,10.691942
1)ORC-sun-2014-05-14-13-46-12,2026-04-19,5,mono,407,10.63673,8.936791,7.801362,0.199806,33.530646,1.249971,0.246777,0.141646,0.010579,24.672203,0.940233,0.501878,0.282228,0.036098,9.589014
1)ORC-sun-2014-05-14-13-46-12,2026-04-20,1,mono,384,11.245678,9.506344,8.524691,0.200689,33.940943,1.052395,0.271828,0.154895,0.023553,18.843865,0.945383,0.535097,0.316288,0.039194,9.176241
1)ORC-sun-2014-05-14-13-46-12,2026-04-20,2,mono,208,5.81248,4.993809,4.754395,0.148023,13.5221,0.309079,0.242701,0.199979,0.021075,1.195996,1.010358,0.584894,0.288054,0.028622,5.304384
1)ORC-sun-2014-05-14-13-46-12,2026-04-20,3,mono,206,6.008189,5.090121,4.89171,0.27273,22.40608,1.061997,0.321695,0.217066,0.025467,14.334227,1.098848,0.608818,0.268929,0.025465,5.113665
1)ORC-sun-2014-05-14-13-46-12,2026-04-20,4,mono,211,5.785944,4.997457,4.993822,0.121756,13.216847,0.304228,0.235743,0.208129,0.020931,1.613951,1.053535,0.574715,0.260531,0.033569,6.067988
1)ORC-sun-2014-05-14-13-46-12,2026-04-20,5,mono,215,6.164175,5.114745,4.910329,0.324231,31.701336,1.732829,0.351306,0.144248,0.023808,24.95599,1.235362,0.617711,0.271293,0.030661,10.763997
1)ORC-sun-2014-05-14-13-46-12,2026-04-21,1,mono,167,5.877706,5.080742,4.951182,0.187181,12.908281,0.350234,0.298979,0.265523,0.022902,1.205555,1.135127,0.717154,0.374096,0.040142,4.625564
city_sim_day_centerline,2026-04-20,1,mono,261,18.706792,16.300659,15.896665,1.42123,64.595521,1.816422,0.765675,0.125565,0.0,14.159029,2.85738,1.96497,1.470036,0.0,12.707815
city_sim_day_centerline,2026-04-20,3,mono,280,13.613833,11.711413,9.814459,0.460426,36.727113,0.970828,0.62892,0.443408,8.5e-05,3.256421,3.697114,2.653883,2.81415,0.0,12.803676
city_sim_night_centerline,2026-04-20,1,mono,56,1.003385,0.941882,0.903576,0.444639,2.334581,0.621218,0.385202,0.217837,0.076442,1.829123,4.394636,3.417483,2.82258,0.030625,16.806616
city_sim_night_centerline,2026-04-20,3,mono,63,1.135633,1.064724,0.979688,0.41644,2.392664,0.604164,0.372981,0.215443,0.068969,1.834384,4.184542,3.12671,2.822917,0.016754,17.573631
city_sim_night_centerline,2026-04-20,4,mono,159,7.647839,6.675471,6.187628,0.651361,13.326641,0.700917,0.365441,0.020254,0.000197,2.272024,3.064003,2.254645,2.508313,0.006863,10.98289
city_sim_night_centerline,2026-04-20,5,mono,57,1.100231,1.031791,1.016319,0.478842,2.377918,0.609308,0.366492,0.235052,0.020772,1.86565,3.956116,3.277981,2.836746,0.006988,10.711741
city_sim_night_centerline,2026-04-21,1,mono,52,1.094624,1.020221,0.979555,0.163139,2.105661,0.652995,0.434662,0.224756,0.032187,1.855942,5.075527,3.666305,2.920252,0.007278,11.583729
village_sim_day_centerline_smooth,2026-04-20,1,mono,76,38.043737,34.662589,28.292469,1.025948,65.443893,5.555129,2.28168,0.454252,0.001633,30.233995,11.373867,3.530987,0.353611,0.0,85.384866
village_sim_day_centerline_smooth,2026-04-20,2,mono,42,0.686073,0.581836,0.471792,0.052512,1.789005,0.511021,0.366981,0.239726,0.004875,1.403291,7.402465,3.418584,0.526695,0.015572,33.439626
village_sim_day_centerline_smooth,2026-04-20,3,mono,38,0.752374,0.590679,0.495591,0.033514,2.537396,0.720388,0.469255,0.241738,0.124651,2.939307,4.964318,1.86519,0.214672,0.023389,26.616581
village_sim_day_centerline_smooth,2026-04-20,4,mono,25,0.422255,0.366037,0.368365,0.042898,0.676435,0.481297,0.305729,0.143655,0.087822,1.277372,6.033475,2.778097,0.155286,0.006256,17.717574
village_sim_day_centerline_smooth,2026-04-20,5,mono,36,0.545371,0.486597,0.489427,0.079685,1.096315,0.519269,0.37438,0.270945,0.093077,1.338892,2.279521,1.181197,0.054627,0.014455,9.057251
village_sim_day_centerline_smooth,2026-04-21,1,mono,26,1.505368,1.309812,1.384857,0.151568,2.80486,0.937655,0.594857,0.148476,0.043183,2.805341,5.424741,3.059213,1.553538,0.01536,18.225292
village_sim_winter_centerline_smooth,2026-04-20,1,mono,346,33.729057,31.141688,26.87286,13.716849,57.777007,3.538308,0.8397,0.318269,9e-06,50.650612,15.38033,4.149611,0.24148,0.0,162.185194
village_sim_winter_centerline_smooth,2026-04-20,2,mono,331,37.835338,35.71852,36.051518,6.080536,60.271532,5.388356,1.305228,0.220953,2.8e-05,72.910784,11.087166,3.408555,0.158395,0.0,142.990485
village_sim_winter_centerline_smooth,2026-04-20,3,mono,33,2.336244,1.785201,1.487326,0.39488,8.96419,1.645015,0.650674,0.070565,0.044996,8.032853,16.636692,6.720903,0.058151,0.0,77.945687
village_sim_winter_centerline_smooth,2026-04-20,4,mono,24,0.433942,0.386607,0.376302,0.025853,0.738778,0.501226,0.326208,0.14924,0.06057,1.27277,6.217724,2.899193,0.079185,0.007773,18.199857
village_sim_winter_centerline_smooth,2026-04-20,5,mono,136,13.96177,11.548291,8.826249,0.621875,26.695574,2.952036,0.824205,0.101991,1.1e-05,23.790253,6.168689,2.489357,0.081004,0.0,44.184813
village_sim_winter_centerline_smooth,2026-04-21,1,mono,30,3.275019,2.87759,3.249144,0.452859,7.507474,1.853188,0.837785,0.012661,0.00395,8.163762,5.65627,3.326538,1.284866,0.0,21.105163
4)ORC-overcast-2014-06-26-08-53-56,2026-04-19,1,mono,386,9.444887,8.217411,7.463155,0.573313,24.979077,0.237391,0.179101,0.14162,0.007756,1.014377,0.982343,0.622753,0.374475,0.022119,6.520128
4)ORC-overcast-2014-06-26-08-53-56,2026-04-19,2,mono,1319,99.383647,91.986976,87.826489,14.347705,190.523374,0.696704,0.624452,0.601897,0.122458,2.616753,1.028084,0.601469,0.328386,0.0,7.340637
4)ORC-overcast-2014-06-26-08-53-56,2026-04-19,3,mono,1302,102.187094,95.040094,91.248579,17.554165,189.344422,0.726704,0.64525,0.633315,0.011209,5.131027,1.262611,0.665492,0.341502,0.0,19.462262
4)ORC-overcast-2014-06-26-08-53-56,2026-04-19,4,mono,1310,98.393774,91.059184,87.005721,17.053437,185.568233,0.695182,0.617841,0.588167,0.008482,3.543877,1.058151,0.635709,0.346228,0.0,8.639062
4)ORC-overcast-2014-06-26-08-53-56,2026-04-19,5,mono,358,8.817079,7.556899,6.933021,0.506864,24.445787,0.238191,0.180217,0.135843,0.012346,0.870706,1.017859,0.651301,0.385724,0.020296,5.046793
4)ORC-overcast-2014-06-26-08-53-56,2026-04-20,1,mono,359,9.057593,7.857303,7.243236,0.586232,24.083884,0.240735,0.183798,0.149039,0.009373,1.212636,1.001104,0.635155,0.37163,0.026845,6.201223
4)ORC-overcast-2014-06-26-08-53-56,2026-04-20,2,mono,1276,100.862014,93.466972,90.108235,13.204536,188.349701,0.731708,0.650981,0.627176,0.121858,3.725623,1.05588,0.616079,0.335548,0.0,10.386347
4)ORC-overcast-2014-06-26-08-53-56,2026-04-20,3,mono,1273,114.264371,106.315759,102.425256,4.062679,193.760436,0.800836,0.705839,0.672681,0.121251,3.243237,1.152246,0.650492,0.328456,0.0,10.375694
4)ORC-overcast-2014-06-26-08-53-56,2026-04-20,4,mono,1349,114.969171,107.654201,103.817756,10.905458,183.692223,0.740032,0.661899,0.654663,0.002867,2.201456,1.127497,0.624427,0.329454,0.0,14.510266
4)ORC-overcast-2014-06-26-08-53-56,2026-04-20,5,mono,1330,107.77299,100.648244,97.006565,18.12586,182.209239,0.721246,0.645513,0.634323,0.003117,2.881044,1.458672,0.702816,0.349655,0.0,26.618521
4)ORC-overcast-2014-06-26-08-53-56,2026-04-21,1,mono,1117,115.288966,108.215913,104.632731,13.082428,182.767362,0.866046,0.796294,0.734913,0.003478,2.950407,1.593172,0.836278,0.429111,0.0,24.924933
