date,sequence_id,model_id,owner,protocol_label,eval_mode,trajectory_format,valid_input,ate_rmse,rpe_trans_rmse,rpe_rot_rmse,num_poses,alignment,sync_tolerance_sec,notes
2026-03-29,city_sim_day_centerline_vs_village_sim_day_centerline_smooth,seq_slam,SEQ_SLAM lane,pilot_seqslam_nontrivial_v1,cross_route_nontrivial,TUM,True,80.586008,0.587499,4.567549,364,SE3,NA,GT city day vs EST village day to validate non-trivial error behavior; raw APE rmse=630.044376
2026-04-07,city_sim_day_centerline_vs_city_sim_night_centerline,seq_slam,SEQ_SLAM lane,seqslam_sim_worlds_city_day_vs_night_v1,condition_shift_day_vs_night,TUM,True,0.000000,0.000000,0.000000,364,SE3,NA,City day vs city night using refreshed simulator datasets; current pose CSVs are byte-identical so zero geometry error is expected from evo.
2026-04-07,village_sim_day_centerline_smooth_vs_village_sim_winter_centerline_smooth,seq_slam,SEQ_SLAM lane,seqslam_sim_worlds_village_day_vs_winter_v1,condition_shift_day_vs_winter,TUM,True,0.000000,0.000000,0.000000,1116,SE3,NA,Village day vs village winter using refreshed simulator datasets; current pose CSVs are byte-identical so zero geometry error is expected from evo.
2026-04-07,city_summer_vs_city_night,seq_slam,SEQ_SLAM lane,seqslam_match_export_city_village_worlds_hq_rerun_2026-04-07,seqslam_place_match_eval,TUM,True,56.452329,58.875721,39.944988,314,raw_xy_no_alignment,NA,"SeqSLAM best params ds=50, v=(0.80,1.20), R=10, th=1.00; valid_ratio=0.8626, corr=0.8907"
2026-04-07,city_night_vs_city_summer,seq_slam,SEQ_SLAM lane,seqslam_match_export_city_village_worlds_hq_rerun_2026-04-07,seqslam_place_match_eval,TUM,True,113.025033,83.274384,61.353515,344,raw_xy_no_alignment,NA,"SeqSLAM best params ds=20, v=(0.80,1.20), R=10, th=1.00; valid_ratio=0.9451, corr=0.6728"
2026-04-07,village_summer_vs_village_winter,seq_slam,SEQ_SLAM lane,seqslam_match_export_city_village_worlds_hq_rerun_2026-04-07,seqslam_place_match_eval,TUM,True,142.494418,90.732094,32.186772,1066,raw_xy_no_alignment,NA,"SeqSLAM best params ds=50, v=(0.80,1.20), R=10, th=1.00; valid_ratio=0.9552, corr=0.8483"
2026-04-07,village_winter_vs_village_summer,seq_slam,SEQ_SLAM lane,seqslam_match_export_city_village_worlds_hq_rerun_2026-04-07,seqslam_place_match_eval,TUM,True,95.663280,75.319490,28.793026,1066,raw_xy_no_alignment,NA,"SeqSLAM best params ds=50, v=(0.80,1.20), R=10, th=1.00; valid_ratio=0.9552, corr=0.9448"
2026-04-17,city_summer_vs_city_night,seq_slam,SEQ_SLAM lane,seqslam_match_export_seqslam_full_eval_2026-04-17_run1_sim_worlds,seqslam_place_match_eval,TUM,True,117.554348,111.762542,85.050226,314,raw_xy_no_alignment,NA,"SeqSLAM best params ds=50, v=(0.80,1.20), R=10, th=1.00; valid_ratio=0.8626, corr=0.3747"
2026-04-17,village_summer_vs_village_winter,seq_slam,SEQ_SLAM lane,seqslam_match_export_seqslam_full_eval_2026-04-17_run1_sim_worlds,seqslam_place_match_eval,TUM,True,173.794906,152.112170,51.437498,1066,raw_xy_no_alignment,NA,"SeqSLAM best params ds=50, v=(0.80,1.20), R=10, th=1.00; valid_ratio=0.9552, corr=0.7726"
