query_array_index,query_frame_id,matched_ref_index,matched_ref_frame_id,quality,valid,gt_x,gt_y,gt_yaw_rad,est_x,est_y,est_yaw_rad,xy_error
0,1,-1,-1,nan,False,-105.000000,4.500000,-1.570796000,,,,
1,2,-1,-1,nan,False,-105.000000,2.528600,-1.570796000,,,,
2,3,-1,-1,nan,False,-105.000000,0.557100,-1.570796000,,,,
3,4,-1,-1,nan,False,-105.000000,-1.414300,-1.570796000,,,,
4,5,-1,-1,nan,False,-105.000000,-3.385700,-1.570796000,,,,
5,6,-1,-1,nan,False,-105.000000,-5.357100,-1.570796000,,,,
6,7,-1,-1,nan,False,-105.000000,-7.328600,-1.570796000,,,,
7,8,-1,-1,nan,False,-105.000000,-9.300000,-1.570796000,,,,
8,9,-1,-1,nan,False,-105.000000,-11.271400,-1.570796000,,,,
9,10,-1,-1,nan,False,-105.000000,-13.242900,-1.570796000,,,,
10,11,-1,-1,nan,False,-105.000000,-15.214300,-1.570796000,,,,
11,12,-1,-1,nan,False,-105.000000,-17.185700,-1.570796000,,,,
12,13,-1,-1,nan,False,-105.000000,-19.157100,-1.570796000,,,,
13,14,-1,-1,nan,False,-105.000000,-21.128600,-1.570796000,,,,
14,15,-1,-1,nan,False,-105.000000,-23.100000,-1.570796000,,,,
15,16,-1,-1,nan,False,-105.000000,-25.071400,-1.570796000,,,,
16,17,-1,-1,nan,False,-105.000000,-27.042900,-1.570796000,,,,
17,18,-1,-1,nan,False,-105.000000,-29.014300,-1.570796000,,,,
18,19,-1,-1,nan,False,-105.000000,-30.985700,-1.570796000,,,,
19,20,-1,-1,nan,False,-105.000000,-32.957100,-1.570796000,,,,
20,21,-1,-1,nan,False,-105.000000,-34.928600,-1.570796000,,,,
21,22,-1,-1,nan,False,-105.000000,-36.900000,-1.570796000,,,,
22,23,-1,-1,nan,False,-105.000000,-38.871400,-1.570796000,,,,
23,24,-1,-1,nan,False,-105.000000,-40.842900,-1.570796000,,,,
24,25,-1,-1,nan,False,-105.000000,-42.814300,-1.570796000,,,,
25,26,76,77,0.996952342,True,-105.000000,-44.785700,-1.570796000,-46.757100,-105.000000,0.000000000,83.773488
26,27,143,144,0.999107920,True,-105.000000,-46.757100,-1.570796000,52.129300,-49.426300,0.638136000,157.151970
27,28,340,341,0.989355333,True,-105.000000,-48.728600,-1.570796000,-79.998700,41.917100,-2.724350000,94.030356
28,29,35,36,0.995172420,True,-105.000000,-50.700000,-1.570796000,-105.000000,-64.500000,-1.546253000,13.800000
29,30,114,115,0.999974483,True,-105.000000,-52.671400,-1.570796000,27.000600,-98.174500,0.613592000,139.623388
30,31,257,258,0.997406325,True,-105.000000,-54.642900,-1.570796000,48.728600,105.000000,3.141593000,221.626573
31,32,258,259,0.986829358,True,-105.000000,-56.614300,-1.570796000,46.757100,105.000000,3.141593000,221.696638
32,33,258,259,0.996588716,True,-105.000000,-58.585700,-1.570796000,46.757100,105.000000,3.141593000,223.137847
33,34,315,316,0.996986124,True,-105.000000,-60.557100,-1.570796000,-44.951200,66.487200,-1.595340000,140.520862
34,35,286,287,0.990702778,True,-105.000000,-62.528600,-1.570796000,-8.469700,104.805000,-3.018874000,193.180311
35,36,317,318,0.999827583,True,-105.000000,-64.500000,-1.546253000,-45.093900,62.588700,-1.718058000,140.500101
36,37,217,218,0.997282583,True,-104.951200,-66.487200,-1.497165000,105.000000,64.500000,1.595340000,247.461417
37,38,255,256,0.998593041,True,-104.805000,-68.469700,-1.448078000,52.671400,105.000000,3.141593000,234.287331
38,39,217,218,0.999396911,True,-104.561600,-70.442600,-1.398990000,105.000000,64.500000,1.595340000,249.250014
39,40,283,284,0.990256765,True,-104.221800,-72.401200,-1.349903000,-2.528600,105.000000,3.141593000,204.481522
40,41,283,284,0.984551956,True,-103.786300,-74.340700,-1.300816000,-2.528600,105.000000,3.141593000,205.951957
41,42,39,40,0.996018590,True,-103.256100,-76.256500,-1.251728000,-104.221800,-72.401200,-1.349903000,3.974407
42,43,286,287,0.990484184,True,-102.632500,-78.144000,-1.202641000,-8.469700,104.805000,-3.018874000,205.759494
43,44,41,42,0.971974233,True,-101.917100,-79.998700,-1.153554000,-103.256100,-76.256500,-1.251728000,3.974542
44,45,42,43,0.991863465,True,-101.111600,-81.816000,-1.104466000,-102.632500,-78.144000,-1.202641000,3.974509
45,46,43,44,0.977699537,True,-100.217800,-83.591600,-1.055379000,-101.917100,-79.998700,-1.153554000,3.974488
46,47,43,44,0.993658243,True,-99.238000,-85.321200,-1.006291000,-101.917100,-79.998700,-1.153554000,5.958740
47,48,44,45,0.987477767,True,-98.174500,-87.000600,-0.957204000,-101.111600,-81.816000,-1.104466000,5.958744
48,49,45,46,0.991266530,True,-97.029900,-88.625800,-0.908117000,-100.217800,-83.591600,-1.055379000,5.958681
49,50,226,227,0.988460471,True,-95.806900,-90.192900,-0.859029000,101.111600,81.816000,2.037126000,261.465021
50,51,47,48,0.979313886,True,-94.508500,-91.698100,-0.809942000,-98.174500,-87.000600,-0.957204000,5.958696
51,52,294,295,0.990325881,True,-93.137800,-93.137800,-0.760854000,-23.591600,100.217800,-2.626175000,205.482510
52,53,48,49,0.979590279,True,-91.698100,-94.508500,-0.711767000,-97.029900,-88.625800,-0.908117000,7.939411
53,54,49,50,0.999398595,True,-90.192900,-95.806900,-0.662680000,-95.806900,-90.192900,-0.859029000,7.939395
54,55,226,227,0.999639598,True,-88.625800,-97.029900,-0.613592000,101.111600,81.816000,2.037126000,260.741514
55,56,84,85,0.998231230,True,-87.000600,-98.174500,-0.564505000,-30.985700,-105.000000,0.000000000,56.429216
56,57,288,289,0.980253755,True,-85.321200,-99.238000,-0.515418000,-12.401200,104.221800,-2.920699000,216.132405
57,58,63,64,0.999418037,True,-83.591600,-100.217800,-0.466330000,-72.401200,-104.221800,-0.171806000,11.885162
58,59,141,142,0.997517039,True,-81.816000,-101.111600,-0.417243000,49.426300,-52.129300,0.834486000,140.084999
59,60,78,79,0.998421191,True,-79.998700,-101.917100,-0.368155000,-42.814300,-105.000000,0.000000000,37.311980
60,61,291,292,0.993675963,True,-78.144000,-102.632500,-0.319068000,-18.144000,102.632500,-2.773437000,213.854437
61,62,124,125,0.994373800,True,-76.256500,-103.256100,-0.269981000,40.217800,-83.591600,1.104466000,118.122627
62,63,125,126,0.995573431,True,-74.340700,-103.786300,-0.220893000,41.111600,-81.816000,1.153554000,117.524158
63,64,143,144,0.990565557,True,-72.401200,-104.221800,-0.171806000,52.129300,-49.426300,0.638136000,136.052902
64,65,240,241,0.994651114,True,-70.442600,-104.561600,-0.122718000,81.816000,101.111600,2.724350000,255.898704
65,66,143,144,0.982625953,True,-68.469700,-104.805000,-0.073631000,52.129300,-49.426300,0.638136000,132.706139
66,67,236,237,0.983549989,True,-66.487200,-104.951200,-0.024544000,88.625800,97.029900,2.528000000,254.669212
67,68,69,70,0.996348694,True,-64.500000,-105.000000,0.000000000,-60.557100,-105.000000,0.000000000,3.942900
68,69,226,227,0.996691211,True,-62.528600,-105.000000,0.000000000,101.111600,81.816000,2.037126000,248.351229
69,70,240,241,0.975086480,True,-60.557100,-105.000000,0.000000000,81.816000,101.111600,2.724350000,250.503675
70,71,240,241,0.996029839,True,-58.585700,-105.000000,0.000000000,81.816000,101.111600,2.724350000,249.388510
71,72,241,242,0.998108509,True,-56.614300,-105.000000,0.000000000,79.998700,101.917100,2.773437000,247.947168
72,73,241,242,0.988029207,True,-54.642900,-105.000000,0.000000000,79.998700,101.917100,2.773437000,246.866455
73,74,75,76,0.991581702,True,-52.671400,-105.000000,0.000000000,-48.728600,-105.000000,0.000000000,3.942800
74,75,157,158,0.977566797,True,-50.700000,-105.000000,0.000000000,78.144000,-42.632500,0.368155000,143.144966
75,76,157,158,0.987458746,True,-48.728600,-105.000000,0.000000000,78.144000,-42.632500,0.368155000,141.373129
76,77,76,77,0.997945977,True,-46.757100,-105.000000,0.000000000,-46.757100,-105.000000,0.000000000,0.000000
77,78,262,263,0.996945660,True,-44.785700,-105.000000,0.000000000,38.871400,105.000000,3.141593000,226.049796
78,79,288,289,0.984973152,True,-42.814300,-105.000000,0.000000000,-12.401200,104.221800,-2.920699000,211.420714
79,80,105,106,0.996111312,True,-40.842900,-105.000000,0.000000000,10.442600,-104.561600,0.171806000,51.287374
80,81,293,294,0.974476536,True,-38.871400,-105.000000,0.000000000,-21.816000,101.111600,-2.675262000,206.816049
81,82,293,294,0.999015113,True,-36.900000,-105.000000,0.000000000,-21.816000,101.111600,-2.675262000,206.662814
82,83,84,85,0.999704694,True,-34.928600,-105.000000,0.000000000,-30.985700,-105.000000,0.000000000,3.942900
83,84,226,227,0.996740195,True,-32.957100,-105.000000,0.000000000,101.111600,81.816000,2.037126000,229.944850
84,85,92,93,0.982976654,True,-30.985700,-105.000000,0.000000000,-15.214300,-105.000000,0.000000000,15.771400
85,86,92,93,0.989943121,True,-29.014300,-105.000000,0.000000000,-15.214300,-105.000000,0.000000000,13.800000
86,87,92,93,0.985474160,True,-27.042900,-105.000000,0.000000000,-15.214300,-105.000000,0.000000000,11.828600
87,88,93,94,0.982485744,True,-25.071400,-105.000000,0.000000000,-13.242900,-105.000000,0.000000000,11.828500
88,89,92,93,0.980797623,True,-23.100000,-105.000000,0.000000000,-15.214300,-105.000000,0.000000000,7.885700
89,90,272,273,0.989268225,True,-21.128600,-105.000000,0.000000000,19.157100,105.000000,3.141593000,213.829225
90,91,157,158,0.999980317,True,-19.157100,-105.000000,0.000000000,78.144000,-42.632500,0.368155000,115.573393
91,92,97,98,0.984416513,True,-17.185700,-105.000000,0.000000000,-5.357100,-105.000000,0.000000000,11.828600
92,93,158,159,0.997140191,True,-15.214300,-105.000000,0.000000000,79.998700,-41.917100,0.417243000,114.214568
93,94,158,159,0.994780539,True,-13.242900,-105.000000,0.000000000,79.998700,-41.917100,0.417243000,112.576411
94,95,99,100,0.994640245,True,-11.271400,-105.000000,0.000000000,-1.414300,-105.000000,0.000000000,9.857100
95,96,94,95,0.997102748,True,-9.300000,-105.000000,0.000000000,-11.271400,-105.000000,0.000000000,1.971400
96,97,104,105,0.969587673,True,-7.328600,-105.000000,0.000000000,8.469700,-104.805000,0.122718000,15.799503
97,98,104,105,0.957306475,True,-5.357100,-105.000000,0.000000000,8.469700,-104.805000,0.122718000,13.828175
98,99,104,105,0.976376080,True,-3.385700,-105.000000,0.000000000,8.469700,-104.805000,0.122718000,11.857004
99,100,105,106,0.972564314,True,-1.414300,-105.000000,0.000000000,10.442600,-104.561600,0.171806000,11.865002
100,101,105,106,0.951953155,True,0.557100,-105.000000,0.000000000,10.442600,-104.561600,0.171806000,9.895216
101,102,107,108,0.988792327,True,2.528600,-105.000000,0.000000000,14.340700,-103.786300,0.269981000,11.874290
102,103,107,108,0.987602732,True,4.500000,-105.000000,0.024544000,14.340700,-103.786300,0.269981000,9.915263
103,104,111,112,0.994050418,True,6.487200,-104.951200,0.073631000,21.816000,-101.111600,0.466330000,15.802362
104,105,117,118,0.991888236,True,8.469700,-104.805000,0.122718000,31.698100,-94.508500,0.760854000,25.408197
105,106,104,105,0.988334947,True,10.442600,-104.561600,0.171806000,8.469700,-104.805000,0.122718000,1.987858
106,107,114,115,0.998182726,True,12.401200,-104.221800,0.220893000,27.000600,-98.174500,0.613592000,15.802288
107,108,105,106,0.966745633,True,14.340700,-103.786300,0.269981000,10.442600,-104.561600,0.171806000,3.974453
108,109,106,107,0.978433299,True,16.256500,-103.256100,0.319068000,12.401200,-104.221800,0.220893000,3.974407
109,110,117,118,0.986233087,True,18.144000,-102.632500,0.368155000,31.698100,-94.508500,0.760854000,15.802310
110,111,119,120,0.984845880,True,19.998700,-101.917100,0.417243000,34.508500,-91.698100,0.859029000,17.747176
111,112,120,121,0.948948688,True,21.816000,-101.111600,0.466330000,35.806900,-90.192900,0.908117000,17.747205
112,113,120,121,0.991361725,True,23.591600,-100.217800,0.515418000,35.806900,-90.192900,0.908117000,15.802284
113,114,125,126,0.965134972,True,25.321200,-99.238000,0.564505000,41.111600,-81.816000,1.153554000,23.513035
114,115,125,126,0.939948252,True,27.000600,-98.174500,0.613592000,41.111600,-81.816000,1.153554000,21.603723
115,116,125,126,0.944089779,True,28.625800,-97.029900,0.662680000,41.111600,-81.816000,1.153554000,19.681411
116,117,125,126,0.976263102,True,30.192900,-95.806900,0.711767000,41.111600,-81.816000,1.153554000,17.747205
117,118,111,112,0.999238130,True,31.698100,-94.508500,0.760854000,21.816000,-101.111600,0.466330000,11.885152
118,119,127,128,0.978140150,True,33.137800,-93.137800,0.809942000,42.632500,-78.144000,1.251728000,17.747207
119,120,128,129,0.981039710,True,34.508500,-91.698100,0.859029000,43.256100,-76.256500,1.300816000,17.747212
120,121,129,130,0.994019732,True,35.806900,-90.192900,0.908117000,43.786300,-74.340700,1.349903000,17.747199
121,122,116,117,0.991782624,True,37.029900,-88.625800,0.957204000,30.192900,-95.806900,0.711767000,9.915279
122,123,117,118,0.981548528,True,38.174500,-87.000600,1.006291000,31.698100,-94.508500,0.760854000,9.915257
123,124,131,132,0.980034135,True,39.238000,-85.321200,1.055379000,44.561600,-70.442600,1.448078000,15.802324
124,125,120,121,0.975107038,True,40.217800,-83.591600,1.104466000,35.806900,-90.192900,0.908117000,7.939345
125,126,120,121,0.994585670,True,41.111600,-81.816000,1.153554000,35.806900,-90.192900,0.908117000,9.915256
126,127,122,123,0.987967704,True,41.917100,-79.998700,1.202641000,38.174500,-87.000600,1.006291000,7.939374
127,128,135,136,0.993032761,True,42.632500,-78.144000,1.251728000,45.093900,-62.588700,1.423534000,15.748836
128,129,124,125,0.979799392,True,43.256100,-76.256500,1.300816000,40.217800,-83.591600,1.104466000,7.939456
129,130,125,126,0.956581659,True,43.786300,-74.340700,1.349903000,41.111600,-81.816000,1.153554000,7.939404
130,131,126,127,0.975867574,True,44.221800,-72.401200,1.398990000,41.917100,-79.998700,1.202641000,7.939373
131,132,127,128,0.973312700,True,44.561600,-70.442600,1.448078000,42.632500,-78.144000,1.251728000,7.939332
132,133,128,129,0.988546937,True,44.805000,-68.469700,1.497165000,43.256100,-76.256500,1.300816000,7.939354
133,134,129,130,0.994165148,True,44.951200,-66.487200,1.546253000,43.786300,-74.340700,1.349903000,7.939424
134,135,296,297,0.998796891,True,45.000000,-64.500000,1.521709000,-27.000600,98.174500,-2.528000000,177.896260
135,136,326,327,0.999561406,True,45.093900,-62.588700,1.423534000,-53.666400,48.286300,-2.601631000,148.481859
136,137,131,132,0.987892147,True,45.374700,-60.695700,1.325359000,44.561600,-70.442600,1.448078000,9.780756
137,138,132,133,0.998073455,True,45.839700,-58.839400,1.227185000,44.805000,-68.469700,1.497165000,9.685726
138,139,133,134,0.978552462,True,46.484300,-57.037700,1.129010000,44.951200,-66.487200,1.546253000,9.573058
139,140,134,135,0.987487445,True,47.302500,-55.307800,1.030835000,45.000000,-64.500000,1.521709000,9.476183
140,141,329,330,0.994378089,True,48.286300,-53.666400,0.932660000,-58.839400,45.839700,-2.896156000,146.210053
141,142,128,129,0.952969197,True,49.426300,-52.129300,0.834486000,43.256100,-76.256500,1.300816000,24.903677
142,143,129,130,0.983465115,True,50.711400,-50.711400,0.736311000,43.786300,-74.340700,1.349903000,24.623177
143,144,307,308,0.992558918,True,52.129300,-49.426300,0.638136000,-41.111600,81.816000,-1.988039000,160.991946
144,145,131,132,0.995552509,True,53.666400,-48.286300,0.539961000,44.561600,-70.442600,1.448078000,23.954102
145,146,141,142,0.982012545,True,55.307800,-47.302500,0.441786000,49.426300,-52.129300,0.834486000,7.608550
146,147,310,311,0.991354815,True,57.037700,-46.484300,0.343612000,-43.256100,76.256500,-1.840777000,158.505995
147,148,143,144,0.985270103,True,58.839400,-45.839700,0.245437000,52.129300,-49.426300,0.638136000,7.608491
148,149,144,145,0.986774930,True,60.695700,-45.374700,0.147262000,53.666400,-48.286300,0.539961000,7.608447
149,150,142,143,0.993928897,True,62.588700,-45.093900,0.049087000,50.711400,-50.711400,0.736311000,13.138743
150,151,143,144,0.977926479,True,64.500000,-45.000000,0.024544000,52.129300,-49.426300,0.638136000,13.138735
151,152,145,146,0.990416413,True,66.487200,-44.951200,0.073631000,55.307800,-47.302500,0.441786000,11.423992
152,153,146,147,0.983527677,True,68.469700,-44.805000,0.122718000,57.037700,-46.484300,0.343612000,11.554682
153,154,147,148,0.991305012,True,70.442600,-44.561600,0.171806000,58.839400,-45.839700,0.245437000,11.673380
154,155,270,271,0.990605875,True,72.401200,-44.221800,0.220893000,23.100000,105.000000,3.141593000,157.155191
155,156,149,150,0.986848751,True,74.340700,-43.786300,0.269981000,62.588700,-45.093900,0.049087000,11.824522
156,157,272,273,0.987641734,True,76.256500,-43.256100,0.319068000,19.157100,105.000000,3.141593000,158.871686
157,158,272,273,0.981318548,True,78.144000,-42.632500,0.368155000,19.157100,105.000000,3.141593000,158.980532
158,159,272,273,0.998694016,True,79.998700,-41.917100,0.417243000,19.157100,105.000000,3.141593000,159.016774
159,160,275,276,0.979883498,True,81.816000,-41.111600,0.466330000,13.242900,105.000000,3.141593000,161.402818
160,161,278,279,0.976095004,True,83.591600,-40.217800,0.515418000,7.328600,105.000000,3.141593000,164.025165
161,162,278,279,0.998757301,True,85.321200,-39.238000,0.564505000,7.328600,105.000000,3.141593000,163.973920
162,163,280,281,0.980747410,True,87.000600,-38.174500,0.613592000,3.385700,105.000000,3.141593000,165.802259
163,164,280,281,0.996407295,True,88.625800,-37.029900,0.662680000,3.385700,105.000000,3.141593000,165.645305
164,165,282,283,0.974381913,True,90.192900,-35.806900,0.711767000,-0.557100,105.000000,3.141593000,167.517598
165,166,310,311,0.987377162,True,91.698100,-34.508500,0.760854000,-43.256100,76.256500,-1.840777000,174.589580
166,167,129,130,0.991475824,True,93.137800,-33.137800,0.809942000,43.786300,-74.340700,1.349903000,64.290353
167,168,285,286,0.981852420,True,94.508500,-31.698100,0.859029000,-6.487200,104.951200,-3.067962000,169.921048
168,169,286,287,0.982833080,True,95.806900,-30.192900,0.908117000,-8.469700,104.805000,-3.018874000,170.581483
169,170,287,288,0.971340515,True,97.029900,-28.625800,0.957204000,-10.442600,104.561600,-2.969787000,171.140941
170,171,285,286,0.983636409,True,98.174500,-27.000600,1.006291000,-6.487200,104.951200,-3.067962000,168.420156
171,172,288,289,0.964356725,True,99.238000,-25.321200,1.055379000,-12.401200,104.221800,-2.920699000,171.010818
172,173,288,289,0.979145307,True,100.217800,-23.591600,1.104466000,-12.401200,104.221800,-2.920699000,170.350534
173,174,292,293,0.993110853,True,101.111600,-21.816000,1.153554000,-19.998700,101.917100,-2.724350000,173.140362
174,175,294,295,0.991830996,True,101.917100,-19.998700,1.202641000,-23.591600,100.217800,-2.626175000,173.794248
175,176,293,294,0.988727542,True,102.632500,-18.144000,1.251728000,-21.816000,101.111600,-2.675262000,172.363938
176,177,292,293,0.946514344,True,103.256100,-16.256500,1.300816000,-19.998700,101.917100,-2.724350000,170.753464
177,178,294,295,0.975208146,True,103.786300,-14.340700,1.349903000,-23.591600,100.217800,-2.626175000,171.314854
178,179,221,222,0.997505102,True,104.221800,-12.401200,1.398990000,104.221800,72.401200,1.791690000,84.802400
179,180,296,297,0.975321963,True,104.561600,-10.442600,1.448078000,-27.000600,98.174500,-2.528000000,170.605647
180,181,225,226,0.967858261,True,104.805000,-8.469700,1.497165000,101.917100,79.998700,1.988039000,88.515523
181,182,299,300,0.997309496,True,104.951200,-6.487200,1.546253000,-31.698100,94.508500,-2.380738000,169.921048
182,183,302,303,0.996755726,True,105.000000,-4.500000,1.570796000,-35.806900,90.192900,-2.233476000,169.685970
183,184,184,185,0.994067018,True,105.000000,-2.528600,1.570796000,105.000000,-0.557100,1.570796000,1.971500
184,185,301,302,0.983688285,True,105.000000,-0.557100,1.570796000,-34.508500,91.698100,-2.282563000,167.253232
185,186,185,186,0.992814243,True,105.000000,1.414300,1.570796000,105.000000,1.414300,1.570796000,0.000000
186,187,304,305,0.985666893,True,105.000000,3.385700,1.570796000,-38.174500,87.000600,-2.135301000,165.802259
187,188,308,309,0.981923203,True,105.000000,5.357100,1.570796000,-41.917100,79.998700,-1.938952000,164.790785
188,189,189,190,0.993128451,True,105.000000,7.328600,1.570796000,105.000000,9.300000,1.570796000,1.971400
189,190,190,191,0.998948995,True,105.000000,9.300000,1.570796000,105.000000,11.271400,1.570796000,1.971400
190,191,191,192,0.968065144,True,105.000000,11.271400,1.570796000,105.000000,13.242900,1.570796000,1.971500
191,192,310,311,0.994281132,True,105.000000,13.242900,1.570796000,-43.256100,76.256500,-1.840777000,161.091853
192,193,194,195,0.994510841,True,105.000000,15.214300,1.570796000,105.000000,19.157100,1.570796000,3.942800
193,194,311,312,0.994015245,True,105.000000,17.185700,1.570796000,-43.786300,74.340700,-1.791690000,159.386502
194,195,153,154,0.996784603,True,105.000000,19.157100,1.570796000,70.442600,-44.561600,0.171806000,72.486458
195,196,154,155,0.998256963,True,105.000000,21.128600,1.570796000,72.401200,-44.221800,0.220893000,73.029833
196,197,155,156,0.994737789,True,105.000000,23.100000,1.570796000,74.340700,-43.786300,0.269981000,73.578324
197,198,157,158,0.994228401,True,105.000000,25.071400,1.570796000,78.144000,-42.632500,0.368155000,72.835862
198,199,157,158,0.996624908,True,105.000000,27.042900,1.570796000,78.144000,-42.632500,0.368155000,74.671990
199,200,204,205,0.994046644,True,105.000000,29.014300,1.570796000,105.000000,38.871400,1.570796000,9.857100
200,201,205,206,0.994780181,True,105.000000,30.985700,1.570796000,105.000000,40.842900,1.570796000,9.857200
201,202,157,158,0.992811420,True,105.000000,32.957100,1.570796000,78.144000,-42.632500,0.368155000,80.218653
202,203,210,211,0.988073779,True,105.000000,34.928600,1.570796000,105.000000,50.700000,1.570796000,15.771400
203,204,157,158,0.975436775,True,105.000000,36.900000,1.570796000,78.144000,-42.632500,0.368155000,83.944406
204,205,158,159,0.980051304,True,105.000000,38.871400,1.570796000,79.998700,-41.917100,0.417243000,84.568592
205,206,211,212,0.985922231,True,105.000000,40.842900,1.570796000,105.000000,52.671400,1.570796000,11.828500
206,207,211,212,0.979522868,True,105.000000,42.814300,1.570796000,105.000000,52.671400,1.570796000,9.857100
207,208,212,213,0.979325908,True,105.000000,44.785700,1.570796000,105.000000,54.642900,1.570796000,9.857200
208,209,164,165,0.981446822,True,105.000000,46.757100,1.570796000,90.192900,-35.806900,0.711767000,83.881251
209,210,294,295,0.999798847,True,105.000000,48.728600,1.570796000,-23.591600,100.217800,-2.626175000,138.516921
210,211,214,215,0.972683037,True,105.000000,50.700000,1.570796000,105.000000,58.585700,1.570796000,7.885700
211,212,294,295,0.986974544,True,105.000000,52.671400,1.570796000,-23.591600,100.217800,-2.626175000,137.100181
212,213,217,218,0.977846007,True,105.000000,54.642900,1.570796000,105.000000,64.500000,1.595340000,9.857100
213,214,219,220,0.972067311,True,105.000000,56.614300,1.570796000,104.805000,68.469700,1.693515000,11.857004
214,215,218,219,0.981404013,True,105.000000,58.585700,1.570796000,104.951200,66.487200,1.644427000,7.901651
215,216,219,220,0.982929548,True,105.000000,60.557100,1.570796000,104.805000,68.469700,1.693515000,7.915002
216,217,238,239,0.997150908,True,105.000000,62.528600,1.570796000,85.321200,99.238000,2.626175000,41.651353
217,218,199,200,0.986715075,True,105.000000,64.500000,1.595340000,105.000000,29.014300,1.570796000,35.485700
218,219,172,173,0.988319714,True,104.951200,66.487200,1.644427000,100.217800,-23.591600,1.104466000,90.203078
219,220,172,173,0.996970998,True,104.805000,68.469700,1.693515000,100.217800,-23.591600,1.104466000,92.175514
220,221,180,181,0.994756202,True,104.561600,70.442600,1.742602000,104.805000,-8.469700,1.497165000,78.912675
221,222,242,243,0.986922712,True,104.221800,72.401200,1.791690000,78.144000,102.632500,2.822525000,39.924719
222,223,36,37,0.992975773,True,103.786300,74.340700,1.840777000,-104.951200,-66.487200,-1.497165000,251.801194
223,224,157,158,0.991299351,True,103.256100,76.256500,1.889864000,78.144000,-42.632500,0.368155000,121.512188
224,225,308,309,0.996664948,True,102.632500,78.144000,1.938952000,-41.917100,79.998700,-1.938952000,144.561498
225,226,157,158,0.998386617,True,101.917100,79.998700,1.988039000,78.144000,-42.632500,0.368155000,124.914257
226,227,140,141,0.997839886,True,101.111600,81.816000,2.037126000,48.286300,-53.666400,0.932660000,145.416619
227,228,219,220,0.995859548,True,100.217800,83.591600,2.086214000,104.805000,68.469700,1.693515000,15.802350
228,229,143,144,0.994465675,True,99.238000,85.321200,2.135301000,52.129300,-49.426300,0.638136000,142.744942
229,230,221,222,0.982065388,True,98.174500,87.000600,2.184389000,104.221800,72.401200,1.791690000,15.802288
230,231,222,223,0.996314596,True,97.029900,88.625800,2.233476000,103.786300,74.340700,1.840777000,15.802311
231,232,45,46,0.998215207,True,95.806900,90.192900,2.282563000,-100.217800,-83.591600,-1.055379000,261.967050
232,233,223,224,0.974890791,True,94.508500,91.698100,2.331651000,103.256100,76.256500,1.889864000,17.747212
233,234,223,224,0.995374388,True,93.137800,93.137800,2.380738000,103.256100,76.256500,1.889864000,19.681420
234,235,225,226,0.992050110,True,91.698100,94.508500,2.429826000,101.917100,79.998700,1.988039000,17.747176
235,236,292,293,0.996439362,True,90.192900,95.806900,2.478913000,-19.998700,101.917100,-2.724350000,110.360877
236,237,226,227,0.974018167,True,88.625800,97.029900,2.528000000,101.111600,81.816000,2.037126000,19.681411
237,238,227,228,0.979492810,True,87.000600,98.174500,2.577088000,100.217800,83.591600,2.086214000,19.681345
238,239,135,136,0.997727624,True,85.321200,99.238000,2.626175000,45.093900,-62.588700,1.423534000,166.751661
239,240,321,322,0.981678983,True,83.591600,100.217800,2.675262000,-47.302500,55.307800,-2.110758000,138.384152
240,241,322,323,0.977474122,True,81.816000,101.111600,2.724350000,-48.286300,53.666400,-2.208932000,138.483412
241,242,322,323,0.999786802,True,79.998700,101.917100,2.773437000,-48.286300,53.666400,-2.208932000,137.059007
242,243,151,152,0.979030562,True,78.144000,102.632500,2.822525000,66.487200,-44.951200,0.073631000,148.043337
243,244,233,234,0.995603732,True,76.256500,103.256100,2.871612000,93.137800,93.137800,2.380738000,19.681420
244,245,234,235,0.986860987,True,74.340700,103.786300,2.920699000,91.698100,94.508500,2.429826000,19.681385
245,246,221,222,0.998910059,True,72.401200,104.221800,2.969787000,104.221800,72.401200,1.791690000,45.001124
246,247,236,237,0.992140228,True,70.442600,104.561600,3.018874000,88.625800,97.029900,2.528000000,19.681343
247,248,157,158,0.986866397,True,68.469700,104.805000,3.067962000,78.144000,-42.632500,0.368155000,147.754555
248,249,157,158,0.995330833,True,66.487200,104.951200,3.117049000,78.144000,-42.632500,0.368155000,148.043337
249,250,158,159,0.982213076,True,64.500000,105.000000,3.141593000,79.998700,-41.917100,0.417243000,147.732339
250,251,158,159,0.977601864,True,62.528600,105.000000,3.141593000,79.998700,-41.917100,0.417243000,147.952150
251,252,226,227,0.975717727,True,60.557100,105.000000,3.141593000,101.111600,81.816000,2.037126000,46.713652
252,253,226,227,0.993600446,True,58.585700,105.000000,3.141593000,101.111600,81.816000,2.037126000,48.435008
253,254,243,244,0.969449653,True,56.614300,105.000000,3.141593000,76.256500,103.256100,2.871612000,19.719463
254,255,243,244,0.968177954,True,54.642900,105.000000,3.141593000,76.256500,103.256100,2.871612000,21.683839
255,256,244,245,0.979235860,True,52.671400,105.000000,3.141593000,74.340700,103.786300,2.920699000,21.703263
256,257,245,246,0.991444774,True,50.700000,105.000000,3.141593000,72.401200,104.221800,2.969787000,21.715149
257,258,245,246,0.998431269,True,48.728600,105.000000,3.141593000,72.401200,104.221800,2.969787000,23.685388
258,259,157,158,0.987154017,True,46.757100,105.000000,3.141593000,78.144000,-42.632500,0.368155000,150.932079
259,260,158,159,0.983561364,True,44.785700,105.000000,3.141593000,79.998700,-41.917100,0.417243000,151.078091
260,261,185,186,0.993570288,True,42.814300,105.000000,3.141593000,105.000000,1.414300,1.570796000,120.818287
261,262,250,251,0.998221415,True,40.842900,105.000000,3.141593000,62.528600,105.000000,3.141593000,21.685700
262,263,250,251,0.991067972,True,38.871400,105.000000,3.141593000,62.528600,105.000000,3.141593000,23.657200
263,264,94,95,0.991724346,True,36.900000,105.000000,3.141593000,-11.271400,-105.000000,0.000000000,215.454134
264,265,107,108,0.996022150,True,34.928600,105.000000,3.141593000,14.340700,-103.786300,0.269981000,209.798905
265,266,250,251,0.996849908,True,32.957100,105.000000,3.141593000,62.528600,105.000000,3.141593000,29.571500
266,267,239,240,0.995717668,True,30.985700,105.000000,3.141593000,83.591600,100.217800,2.675262000,52.822818
267,268,111,112,0.994650306,True,29.014300,105.000000,3.141593000,21.816000,-101.111600,0.466330000,206.237259
268,269,239,240,0.984024175,True,27.042900,105.000000,3.141593000,83.591600,100.217800,2.675262000,56.750550
269,270,111,112,0.987612574,True,25.071400,105.000000,3.141593000,21.816000,-101.111600,0.466330000,206.137307
270,271,278,279,0.991482776,True,23.100000,105.000000,3.141593000,7.328600,105.000000,3.141593000,15.771400
271,272,278,279,0.991039286,True,21.128600,105.000000,3.141593000,7.328600,105.000000,3.141593000,13.800000
272,273,114,115,0.998674641,True,19.157100,105.000000,3.141593000,27.000600,-98.174500,0.613592000,203.325842
273,274,280,281,0.995149981,True,17.185700,105.000000,3.141593000,3.385700,105.000000,3.141593000,13.800000
274,275,240,241,0.996646970,True,15.214300,105.000000,3.141593000,81.816000,101.111600,2.724350000,66.715111
275,276,239,240,0.994986887,True,13.242900,105.000000,3.141593000,83.591600,100.217800,2.675262000,70.511056
276,277,239,240,0.993293187,True,11.271400,105.000000,3.141593000,83.591600,100.217800,2.675262000,72.478140
277,278,241,242,0.995695552,True,9.300000,105.000000,3.141593000,79.998700,101.917100,2.773437000,70.765885
278,279,286,287,0.984695987,True,7.328600,105.000000,3.141593000,-8.469700,104.805000,-3.018874000,15.799503
279,280,96,97,0.995711061,True,5.357100,105.000000,3.141593000,-7.328600,-105.000000,0.000000000,210.382811
280,281,283,284,0.975712789,True,3.385700,105.000000,3.141593000,-2.528600,105.000000,3.141593000,5.914300
281,282,283,284,0.991122920,True,1.414300,105.000000,3.141593000,-2.528600,105.000000,3.141593000,3.942900
282,283,292,293,0.979052251,True,-0.557100,105.000000,3.141593000,-19.998700,101.917100,-2.724350000,19.684514
283,284,338,339,0.989075089,True,-2.528600,105.000000,3.141593000,-76.256500,43.256100,-2.822525000,96.167107
284,285,338,339,0.999166529,True,-4.500000,105.000000,-3.117049000,-76.256500,43.256100,-2.822525000,94.664167
285,286,340,341,0.997155472,True,-6.487200,104.951200,-3.067962000,-79.998700,41.917100,-2.724350000,96.836142
286,287,286,287,0.994510587,True,-8.469700,104.805000,-3.018874000,-8.469700,104.805000,-3.018874000,0.000000
287,288,104,105,0.987485383,True,-10.442600,104.561600,-2.969787000,8.469700,-104.805000,0.122718000,210.219048
288,289,116,117,0.994720825,True,-12.401200,104.221800,-2.920699000,30.192900,-95.806900,0.711767000,204.513418
289,290,291,292,0.998284686,True,-14.340700,103.786300,-2.871612000,-18.144000,102.632500,-2.773437000,3.974462
290,291,105,106,0.997755530,True,-16.256500,103.256100,-2.822525000,10.442600,-104.561600,0.171806000,209.525746
291,292,301,302,0.991931858,True,-18.144000,102.632500,-2.773437000,-34.508500,91.698100,-2.282563000,19.681412
292,293,294,295,0.992100721,True,-19.998700,101.917100,-2.724350000,-23.591600,100.217800,-2.626175000,3.974488
293,294,294,295,0.994834555,True,-21.816000,101.111600,-2.675262000,-23.591600,100.217800,-2.626175000,1.987872
294,295,294,295,0.998167836,True,-23.591600,100.217800,-2.626175000,-23.591600,100.217800,-2.626175000,0.000000
295,296,258,259,0.998252975,True,-25.321200,99.238000,-2.577088000,46.757100,105.000000,3.141593000,72.308243
296,297,294,295,0.989808558,True,-27.000600,98.174500,-2.528000000,-23.591600,100.217800,-2.626175000,3.974463
297,298,296,297,0.976132872,True,-28.625800,97.029900,-2.478913000,-27.000600,98.174500,-2.528000000,1.987809
298,299,297,298,0.983215005,True,-30.192900,95.806900,-2.429826000,-28.625800,97.029900,-2.478913000,1.987846
299,300,294,295,0.991943297,True,-31.698100,94.508500,-2.380738000,-23.591600,100.217800,-2.626175000,9.915213
300,301,108,109,0.943446578,True,-33.137800,93.137800,-2.331651000,16.256500,-103.256100,0.319068000,202.510150
301,302,110,111,0.967441394,True,-34.508500,91.698100,-2.282563000,19.998700,-101.917100,0.417243000,201.141444
302,303,111,112,0.971285739,True,-35.806900,90.192900,-2.233476000,21.816000,-101.111600,0.466330000,199.794420
303,304,113,114,0.988907514,True,-37.029900,88.625800,-2.184389000,25.321200,-99.238000,0.564505000,197.940564
304,305,303,304,0.993918011,True,-38.174500,87.000600,-2.135301000,-37.029900,88.625800,-2.184389000,1.987809
305,306,304,305,0.995267814,True,-39.238000,85.321200,-2.086214000,-38.174500,87.000600,-2.135301000,1.987817
306,307,304,305,0.998327973,True,-40.217800,83.591600,-2.037126000,-38.174500,87.000600,-2.135301000,3.974463
307,308,306,307,0.998467235,True,-41.111600,81.816000,-1.988039000,-40.217800,83.591600,-2.037126000,1.987872
308,309,274,275,0.998599408,True,-41.917100,79.998700,-1.938952000,15.214300,105.000000,3.141593000,62.362343
309,310,307,308,0.995211963,True,-42.632500,78.144000,-1.889864000,-41.111600,81.816000,-1.988039000,3.974509
310,311,308,309,0.989985561,True,-43.256100,76.256500,-1.840777000,-41.917100,79.998700,-1.938952000,3.974542
311,312,308,309,0.963568613,True,-43.786300,74.340700,-1.791690000,-41.917100,79.998700,-1.938952000,5.958764
312,313,310,311,0.982296256,True,-44.221800,72.401200,-1.742602000,-43.256100,76.256500,-1.840777000,3.974407
313,314,310,311,0.976561610,True,-44.561600,70.442600,-1.693515000,-43.256100,76.256500,-1.840777000,5.958671
314,315,311,312,0.990817961,True,-44.805000,68.469700,-1.644427000,-43.786300,74.340700,-1.791690000,5.958724
315,316,131,132,0.991023478,True,-44.951200,66.487200,-1.595340000,44.561600,-70.442600,1.448078000,163.591905
316,317,311,312,0.991180425,True,-45.000000,64.500000,-1.619884000,-43.786300,74.340700,-1.791690000,9.915263
317,318,311,312,0.995306120,True,-45.093900,62.588700,-1.718058000,-43.786300,74.340700,-1.791690000,11.824522
318,319,129,130,0.996749407,True,-45.374700,60.695700,-1.816233000,43.786300,-74.340700,1.349903000,161.816295
319,320,145,146,0.979549668,True,-45.839700,58.839400,-1.914408000,55.307800,-47.302500,0.441786000,146.618279
320,321,146,147,0.992870817,True,-46.484300,57.037700,-2.012583000,57.037700,-46.484300,0.343612000,146.402216
321,322,147,148,0.996831086,True,-47.302500,55.307800,-2.110758000,58.839400,-45.839700,0.245437000,146.618279
322,323,247,248,0.998004807,True,-48.286300,53.666400,-2.208932000,68.469700,104.805000,3.067962000,127.464191
323,324,149,150,0.992181889,True,-49.426300,52.129300,-2.307107000,62.588700,-45.093900,0.049087000,148.322995
324,325,78,79,0.989755995,True,-50.711400,50.711400,-2.405282000,-42.814300,-105.000000,0.000000000,155.911527
325,326,250,251,0.979496062,True,-52.129300,49.426300,-2.503457000,62.528600,105.000000,3.141593000,127.416130
326,327,190,191,0.993990091,True,-53.666400,48.286300,-2.601631000,105.000000,11.271400,1.570796000,162.926761
327,328,296,297,0.992677141,True,-55.307800,47.302500,-2.699806000,-27.000600,98.174500,-2.528000000,58.217334
328,329,252,253,0.981431779,True,-57.037700,46.484300,-2.797981000,58.585700,105.000000,3.141593000,129.587259
329,330,320,321,0.999242623,True,-58.839400,45.839700,-2.896156000,-46.484300,57.037700,-2.012583000,16.674642
330,331,302,303,0.996457539,True,-60.695700,45.374700,-2.994330000,-35.806900,90.192900,-2.233476000,51.265226
331,332,322,323,0.989432539,True,-62.588700,45.093900,-3.092505000,-48.286300,53.666400,-2.208932000,16.674723
332,333,324,325,0.993458637,True,-64.500000,45.000000,-3.117049000,-50.711400,50.711400,-2.405282000,14.924663
333,334,324,325,0.993785085,True,-66.487200,44.951200,-3.067962000,-50.711400,50.711400,-2.405282000,16.794516
334,335,257,258,0.984807275,True,-68.469700,44.805000,-3.018874000,48.728600,105.000000,3.141593000,131.753101
335,336,258,259,0.983602572,True,-70.442600,44.561600,-2.969787000,46.757100,105.000000,3.141593000,131.865727
336,337,258,259,0.991187422,True,-72.401200,44.221800,-2.920699000,46.757100,105.000000,3.141593000,133.763560
337,338,258,259,0.998360649,True,-74.340700,43.786300,-2.871612000,46.757100,105.000000,3.141593000,135.690067
338,339,216,217,0.962729823,True,-76.256500,43.256100,-2.822525000,105.000000,62.528600,1.570796000,182.278216
339,340,-1,-1,nan,False,-78.144000,42.632500,-2.773437000,,,,
340,341,-1,-1,nan,False,-79.998700,41.917100,-2.724350000,,,,
341,342,-1,-1,nan,False,-81.816000,41.111600,-2.675262000,,,,
342,343,-1,-1,nan,False,-83.591600,40.217800,-2.626175000,,,,
343,344,-1,-1,nan,False,-85.321200,39.238000,-2.577088000,,,,
344,345,-1,-1,nan,False,-87.000600,38.174500,-2.528000000,,,,
345,346,-1,-1,nan,False,-88.625800,37.029900,-2.478913000,,,,
346,347,-1,-1,nan,False,-90.192900,35.806900,-2.429826000,,,,
347,348,-1,-1,nan,False,-91.698100,34.508500,-2.380738000,,,,
348,349,-1,-1,nan,False,-93.137800,33.137800,-2.331651000,,,,
349,350,-1,-1,nan,False,-94.508500,31.698100,-2.282563000,,,,
350,351,-1,-1,nan,False,-95.806900,30.192900,-2.233476000,,,,
351,352,-1,-1,nan,False,-97.029900,28.625800,-2.184389000,,,,
352,353,-1,-1,nan,False,-98.174500,27.000600,-2.135301000,,,,
353,354,-1,-1,nan,False,-99.238000,25.321200,-2.086214000,,,,
354,355,-1,-1,nan,False,-100.217800,23.591600,-2.037126000,,,,
355,356,-1,-1,nan,False,-101.111600,21.816000,-1.988039000,,,,
356,357,-1,-1,nan,False,-101.917100,19.998700,-1.938952000,,,,
357,358,-1,-1,nan,False,-102.632500,18.144000,-1.889864000,,,,
358,359,-1,-1,nan,False,-103.256100,16.256500,-1.840777000,,,,
359,360,-1,-1,nan,False,-103.786300,14.340700,-1.791690000,,,,
360,361,-1,-1,nan,False,-104.221800,12.401200,-1.742602000,,,,
361,362,-1,-1,nan,False,-104.561600,10.442600,-1.693515000,,,,
362,363,-1,-1,nan,False,-104.805000,8.469700,-1.644427000,,,,
363,364,-1,-1,nan,False,-104.951200,6.487200,-1.595340000,,,,
